{"cameraMode":{"drawMode":0,"name":"Shaded","section":"Shading Mode"},"sceneLighting":true,"audioPlay":false,"sceneViewState":{"showFog":true,"showMaterialUpdate":false,"showSkybox":true,"showFlares":true,"showImageEffects":true,"showParticleSystems":true},"in2DMode":false,"pivot":{"x":527.7212524414063,"y":377.18829345703127,"z":-94.53897857666016},"rotation":{"x":-0.06984887272119522,"y":-0.00569926667958498,"z":0.0006446157931350172,"w":-0.9976904988288879},"size":849.1024169921875,"orthographic":false}