{"cameraMode":{"drawMode":0,"name":"Shaded","section":"Shading Mode"},"sceneLighting":true,"audioPlay":false,"sceneViewState":{"showFog":true,"showMaterialUpdate":false,"showSkybox":true,"showFlares":true,"showImageEffects":true,"showParticleSystems":true},"in2DMode":false,"pivot":{"x":-3.904193878173828,"y":-4.123417854309082,"z":7.721919059753418},"rotation":{"x":0.43026313185691836,"y":-0.12498022615909577,"z":0.06024560332298279,"w":0.8920713663101196},"size":9.409880638122559,"orthographic":false}