{"cameraMode":{"drawMode":0,"name":"Shaded","section":"Shading Mode"},"sceneLighting":true,"audioPlay":false,"sceneViewState":{"showFog":true,"showMaterialUpdate":false,"showSkybox":true,"showFlares":true,"showImageEffects":true,"showParticleSystems":true},"in2DMode":false,"pivot":{"x":-19.66911506652832,"y":-28.04430389404297,"z":36.443023681640628},"rotation":{"x":0.3009175956249237,"y":-0.2532266676425934,"z":0.08291901648044586,"w":0.9157984852790833},"size":55.367897033691409,"orthographic":false}