{"cameraMode":{"drawMode":0,"name":"Shaded","section":"Shading Mode"},"sceneLighting":true,"audioPlay":false,"sceneViewState":{"showFog":true,"showMaterialUpdate":false,"showSkybox":true,"showFlares":true,"showImageEffects":true,"showParticleSystems":true},"in2DMode":false,"pivot":{"x":6.649980068206787,"y":-11.590886116027832,"z":11.500021934509278},"rotation":{"x":0.3842833936214447,"y":0.26694685220718386,"z":-0.11722128093242645,"w":0.8760839104652405},"size":23.500478744506837,"orthographic":false}