{"cameraMode":{"drawMode":0,"name":"Shaded","section":"Shading Mode"},"sceneLighting":true,"audioPlay":false,"sceneViewState":{"showFog":true,"showMaterialUpdate":false,"showSkybox":true,"showFlares":true,"showImageEffects":true,"showParticleSystems":true},"in2DMode":false,"pivot":{"x":707.8075561523438,"y":410.1297302246094,"z":350.3429260253906},"rotation":{"x":-0.008296772837638855,"y":-0.12987437844276429,"z":0.0013290990609675646,"w":-0.9916448593139648},"size":849.1024169921875,"orthographic":false}