{"cameraMode":{"drawMode":0,"name":"Shaded","section":"Shading Mode"},"sceneLighting":true,"audioPlay":false,"sceneViewState":{"showFog":true,"showMaterialUpdate":false,"showSkybox":true,"showFlares":true,"showImageEffects":true,"showParticleSystems":true},"in2DMode":false,"pivot":{"x":-1.3688160181045533,"y":1.1983975172042847,"z":2.6356277465820314},"rotation":{"x":-0.1869034320116043,"y":0.469775915145874,"z":-0.10249360650777817,"w":-0.8566646575927734},"size":10.531169891357422,"orthographic":false}