{"cameraMode":{"drawMode":0,"name":"Shaded","section":"Shading Mode"},"sceneLighting":true,"audioPlay":false,"sceneViewState":{"showFog":true,"showMaterialUpdate":false,"showSkybox":true,"showFlares":true,"showImageEffects":true,"showParticleSystems":true},"in2DMode":false,"pivot":{"x":-2.1744284629821779,"y":-2.7570230960845949,"z":13.892022132873536},"rotation":{"x":0.3125695288181305,"y":0.11670936644077301,"z":-0.03888941556215286,"w":0.9420121312141419},"size":36.90480041503906,"orthographic":false}