{"cameraMode":{"drawMode":0,"name":"Shaded","section":"Shading Mode"},"sceneLighting":true,"audioPlay":false,"sceneViewState":{"showFog":true,"showMaterialUpdate":false,"showSkybox":true,"showFlares":true,"showImageEffects":true,"showParticleSystems":true},"in2DMode":false,"pivot":{"x":-0.11386453360319138,"y":-4.851080417633057,"z":8.329524993896485},"rotation":{"x":-0.3990020453929901,"y":0.0046761068515479568,"z":-0.0020073417108505966,"w":-0.9170242547988892},"size":15.93655014038086,"orthographic":false}